insert into date (id, days)
values (1, 'Понедельник Четверг Воскресенье'),
       (2, 'Вторник Пятница Воскресенье'),
       (3, 'Среда Суббота Воскресенье');

insert into dungeon (id, name, region)
values (1, 'Забытый каньон', 'Мондштадт'),
       (2, 'Тайшаньфу', 'Ли Юэ'),
       (3, 'Фиалковый зал', 'Инадзума'),
       (4, 'Башня невежества', 'Сумеру'),
       (5, 'Бледный забытый цветок', 'Фонтейн'),
       (6, 'Сад Сеселии', 'Мондштадт'),
       (7, 'Лабиринт Ляншань', 'Ли Юэ'),
       (8, 'Зал текущего песка', 'Инадзума'),
       (9, 'Башня презренной гордости', 'Сумеру'),
       (10, 'Эхо глубоких приливов', 'Фонтейн'),
       (11, 'Логово Ужаса Бури', 'Мондштадт'),
       (12, 'Волчий лорд', 'Мондштадт'),
       (13, 'Золотая палата', 'Ли Юэ'),
       (14, 'КОНЕЦ ГРЕХА', 'Фонтейн');


insert into resources (id, name, id_dungeon)
values (1, 'о «Свободе»', 1),
       (2, 'о «Борьбе»',  1),
       (3, 'о «Поэзии»',  1),
       (4, 'о «Процветании»',  2),
       (5, 'о «Усердии»',  2),
       (6, 'о «Золоте»', 2),
       (7, 'о «Бренности»',  3),
       (8, 'об «Изяществе»', 3),
       (9, 'о «Свете»',  3),
       (10, 'о «Наставлениях»',  4),
       (11, 'об «Остроумии»',  4),
       (12, 'о «Честности»',  4),
       (13, 'о «Беспристрастии>»',  4),
       (14, 'о «Справедливости»',  4),
       (15, 'о «Порядке»', 4),
       (16, 'Декарабиана',  5),
       (17, 'арктического волка',5),
       (18, 'львиного клыка', 5),
       (19, 'Гуюнь',  6),
       (20, 'Заоблочного моря',  6),
       (21, 'Древние испытания молнии',  7),
       (22, 'внешних морей', 7),
       (23, 'Наруками',  7),
       (24, 'Маска',  7),
       (25, 'амулет лесной росы', 8),
       (26, 'цветущего оазиса',  8),
       (27, 'пылающей мощи', 8),
       (28, 'отзвук древней струны', 9),
       (29, 'чистой капли росы',  9),
       (30, 'непорочного моря',  9);

insert into getting_resources (id_date, id_resources)
values (1, 1), (1, 4), (1, 7), (1, 10), (1, 13),
       (2, 2), (2, 5), (2, 8), (2, 11), (2, 14),
       (3, 3), (3, 6), (3, 9), (3, 12), (3, 15),
       (2, 16), (2, 17), (1, 18), (3, 19), (2, 20),
       (3, 21), (1, 22), (1, 23), (3, 24), (2, 25),
       (1, 26), (2, 27), (3, 28), (1, 29), (2, 30);


insert into character (id, name, rare, element, type_of_weapon, id_talents)
values (1, 'Amber', 4, 'пиро', 'лук', 1),
       (2, 'Barbara', 4, 'гидро', 'катализатор', 2),
       (3, 'Beidou', 4, 'электро', 'двуручный меч', 3),
       (4, 'Bennett', 4,'пиро', 'одноручный меч', 4),
       (5, 'Chongyun', 4,'крио', 'двуручный меч', 5),
       (6, 'Diluc', 5, 'пиро', 'двуручный меч', 6),
       (7, 'Diona', 4,'крио', 'лук', 7),
       (8, 'Eula', 5, 'крио', 'двуручный меч', 8),
       (9, 'Fischl', 4, 'электро', 'лук', 9),
       (10, 'Ganyu', 5, 'крио', 'лук', 10),
       (11, 'Hu Tao', 5, 'пиро', 'копьё', 11),
       (12, 'Jean', 5, 'анемо', 'одноручный меч', 12),
       (13, 'Kaeya', 4, 'крио', 'одноручный меч', 13),
       (14, 'Klee', 5, 'пиро', 'катализатор', 14),
       (15, 'Lisa', 4, 'электро', 'катализатор', 15),
       (16, 'Mona', 5, 'гидро', 'катализатор', 16),
       (17, 'Ningguang', 4, 'гео', 'катализатор', 17),
       (18, 'Noelle', 4, 'гео', 'двуручный меч', 18),
       (19, 'Qiqi', 5, 'крио', 'одноручный меч', 19),
       (20, 'Razor', 4, 'электро', 'двуручный меч', 20);


insert into resources_for_talents(id, id_resources)
values (1, 1),
       (2, 13),
       (3, 6),
       (4, 2),
       (5, 5),
       (6, 14),
       (7, 10),
       (8, 11),
       (9, 3),
       (10, 8),
       (11, 17),
       (12, 16),
       (13, 15),
       (14, 18),
       (15, 19),
       (16, 20),
       (17, 7),
       (18, 9),
       (19, 4),
       (20, 12);

insert into level_of_weapon (id, id_resources)
values (1, 27),
       (2, 26),
       (3, 21),
       (4, 25),
       (5, 24),
       (6, 28),
       (7, 29),
       (8, 22),
       (9, 30),
       (10, 23);

insert into weapons (id, name, rare, type_of_weapon)
values (1, 'The Precious Pool', 4, 'катализатор'),
       (2, 'Heavenly majesty', 5, 'двуручный меч'),
       (3, 'The Gracious Lord of Waters', 4, 'двуручный меч'),
       (4, 'Desecrated desire', 4, 'меч'),
       (5, 'The memory of dust', 5, 'катализатор'),
       (6, 'Montenegrin agate', 3, 'копьё'),
       (7, 'Deadly battle', 4, 'копьё'),
       (8, 'Aqua Simulacrum', 5, 'лук'),
       (9, 'Desiccant', 4, 'лук'),
       (10, 'The Heavenly Sword', 5, 'меч');

insert into upping_level_of_weapon (id_weapon, id_level_of_weapon)
values (1, 1), (2, 2), (3, 3), (4, 4), (5, 5), (6, 6), (7, 7), (8, 8), (9, 9), (10, 10);


